{"cameraMode":{"drawMode":0,"name":"Shaded","section":"Shading Mode"},"sceneLighting":true,"audioPlay":false,"sceneViewState":{"m_AlwaysRefresh":false,"showFog":true,"showSkybox":true,"showFlares":true,"showImageEffects":true,"showParticleSystems":true,"showVisualEffectGraphs":true,"m_FxEnabled":true},"in2DMode":false,"pivot":{"x":-25.131603240966798,"y":-54.59355163574219,"z":38.456642150878909},"rotation":{"x":0.44321367144584658,"y":-0.16896800696849824,"z":0.08547047525644303,"w":0.8761913180351257},"size":52.052921295166019,"orthographic":false}